{"cameraMode":{"drawMode":0,"name":"Shaded","section":"Shading Mode"},"sceneLighting":false,"audioPlay":false,"sceneViewState":{"m_AlwaysRefresh":false,"showFog":true,"showSkybox":false,"showFlares":true,"showImageEffects":true,"showParticleSystems":true,"showVisualEffectGraphs":true,"m_FxEnabled":true},"in2DMode":false,"pivot":{"x":-1.9084426164627076,"y":0.31936216354370119,"z":2.154825210571289},"rotation":{"x":0.6251497864723206,"y":-0.0011775712482631207,"z":0.0009362883283756673,"w":0.7805250883102417},"size":2.8846359252929689,"orthographic":false}