{"cameraMode":{"drawMode":0,"name":"Shaded","section":"Shading Mode"},"sceneLighting":false,"audioPlay":false,"sceneViewState":{"m_AlwaysRefresh":false,"showFog":true,"showSkybox":false,"showFlares":true,"showImageEffects":true,"showParticleSystems":true,"showVisualEffectGraphs":true,"m_FxEnabled":true},"in2DMode":false,"pivot":{"x":-0.5896470546722412,"y":-0.06349873542785645,"z":0.10919302701950073},"rotation":{"x":0.41612154245376589,"y":-0.5622909665107727,"z":0.3911488652229309,"w":0.5981361269950867},"size":1.9959155321121216,"orthographic":false}