{"cameraMode":{"drawMode":0,"name":"Shaded","section":"Shading Mode"},"sceneLighting":false,"audioPlay":false,"sceneViewState":{"m_AlwaysRefresh":false,"showFog":true,"showSkybox":false,"showFlares":true,"showImageEffects":true,"showParticleSystems":true,"showVisualEffectGraphs":true,"m_FxEnabled":true},"in2DMode":false,"pivot":{"x":1.4800000190734864,"y":0.37300002574920657,"z":2.503000020980835},"rotation":{"x":0.6333088874816895,"y":-0.000008627433089714032,"z":-0.0000036982128222007306,"w":0.7739185094833374},"size":0.8660253882408142,"orthographic":false}