{"cameraMode":{"drawMode":0,"name":"Shaded","section":"Shading Mode"},"sceneLighting":false,"audioPlay":false,"sceneViewState":{"m_AlwaysRefresh":false,"showFog":true,"showSkybox":false,"showFlares":true,"showImageEffects":true,"showParticleSystems":true,"showVisualEffectGraphs":true,"m_FxEnabled":true},"in2DMode":false,"pivot":{"x":5.5004987716674809,"y":1.9131340980529786,"z":4.60459041595459},"rotation":{"x":0.08559844642877579,"y":0.050787948071956637,"z":-0.0043715848587453369,"w":0.9950509071350098},"size":0.502390444278717,"orthographic":false}