{"cameraMode":{"drawMode":0,"name":"Shaded","section":"Shading Mode"},"sceneLighting":false,"audioPlay":false,"sceneViewState":{"m_AlwaysRefresh":false,"showFog":true,"showSkybox":false,"showFlares":true,"showImageEffects":true,"showParticleSystems":true,"showVisualEffectGraphs":true,"m_FxEnabled":true},"in2DMode":false,"pivot":{"x":1.1139940023422242,"y":-0.4110458493232727,"z":8.676552772521973},"rotation":{"x":0.5233134627342224,"y":0.015322127379477024,"z":-0.009439910762012005,"w":0.8519917726516724},"size":1.0084950923919678,"orthographic":false}