{"cameraMode":{"drawMode":0,"name":"Shaded","section":"Shading Mode"},"sceneLighting":false,"audioPlay":false,"sceneViewState":{"m_AlwaysRefresh":false,"showFog":true,"showSkybox":false,"showFlares":true,"showImageEffects":true,"showParticleSystems":true,"showVisualEffectGraphs":true,"m_FxEnabled":true},"in2DMode":false,"pivot":{"x":-0.44600141048431399,"y":0.28383374214172366,"z":-0.021909713745117189},"rotation":{"x":0.4854515492916107,"y":0.03537152707576752,"z":-0.019700367003679277,"w":0.8733760714530945},"size":0.8063927888870239,"orthographic":false}