{"cameraMode":{"drawMode":0,"name":"Shaded","section":"Shading Mode"},"sceneLighting":false,"audioPlay":false,"sceneViewState":{"m_AlwaysRefresh":false,"showFog":true,"showSkybox":false,"showFlares":true,"showImageEffects":true,"showParticleSystems":true,"showVisualEffectGraphs":true,"m_FxEnabled":true},"in2DMode":false,"pivot":{"x":0.00658082589507103,"y":-0.5090811252593994,"z":1.1085751056671143},"rotation":{"x":0.35397830605506899,"y":-0.005626464728266001,"z":0.002093684859573841,"w":0.935279369354248},"size":1.7123980522155762,"orthographic":false}