{"cameraMode":{"drawMode":0,"name":"Shaded","section":"Shading Mode"},"sceneLighting":false,"audioPlay":false,"sceneViewState":{"m_AlwaysRefresh":false,"showFog":true,"showSkybox":false,"showFlares":true,"showImageEffects":true,"showParticleSystems":true,"showVisualEffectGraphs":true,"m_FxEnabled":true},"in2DMode":false,"pivot":{"x":-0.22043965756893159,"y":-5.174657344818115,"z":2.9590134620666506},"rotation":{"x":0.5232527852058411,"y":0.019167006015777589,"z":-0.011773157864809037,"w":0.8519001603126526},"size":5.9767303466796879,"orthographic":false}