{"cameraMode":{"drawMode":0,"name":"Shaded","section":"Shading Mode"},"sceneLighting":false,"audioPlay":false,"sceneViewState":{"m_AlwaysRefresh":false,"showFog":true,"showSkybox":false,"showFlares":true,"showImageEffects":true,"showParticleSystems":true,"showVisualEffectGraphs":true,"m_FxEnabled":true},"in2DMode":false,"pivot":{"x":0.22599002718925477,"y":-3.3687539100646974,"z":3.4178152084350588},"rotation":{"x":0.3859589397907257,"y":-0.017999660223722459,"z":0.0075079770758748058,"w":0.9223436713218689},"size":4.094621181488037,"orthographic":false}